{"cameraMode":{"drawMode":0,"name":"Shaded","section":"Shading Mode"},"sceneLighting":true,"audioPlay":false,"sceneViewState":{"m_AlwaysRefresh":false,"showFog":true,"showSkybox":true,"showFlares":true,"showImageEffects":true,"showParticleSystems":true,"showVisualEffectGraphs":true,"m_FxEnabled":true},"in2DMode":false,"pivot":{"x":-9.961688041687012,"y":161.05836486816407,"z":-36.714271545410159},"rotation":{"x":0.6830824017524719,"y":0.007503137923777103,"z":-0.018455004319548608,"w":0.7312159538269043},"size":4.824745178222656,"orthographic":false}