{"cameraMode":{"drawMode":0,"name":"Shaded","section":"Shading Mode"},"sceneLighting":true,"audioPlay":false,"sceneViewState":{"m_AlwaysRefresh":false,"showFog":true,"showSkybox":true,"showFlares":true,"showImageEffects":true,"showParticleSystems":true,"showVisualEffectGraphs":true,"m_FxEnabled":true},"in2DMode":false,"pivot":{"x":1.0266550779342652,"y":-1.2793594598770142,"z":0.8523654341697693},"rotation":{"x":-0.5482300519943237,"y":-0.26158350706100466,"z":0.23135368525981904,"w":-0.7618274688720703},"size":0.8660253882408142,"orthographic":false}