{"cameraMode":{"drawMode":0,"name":"Shaded","section":"Shading Mode"},"sceneLighting":true,"audioPlay":false,"sceneViewState":{"m_AlwaysRefresh":false,"showFog":true,"showSkybox":true,"showFlares":true,"showImageEffects":true,"showParticleSystems":true,"showVisualEffectGraphs":true,"m_FxEnabled":true},"in2DMode":false,"pivot":{"x":0.25465521216392519,"y":0.5538495182991028,"z":0.7292370796203613},"rotation":{"x":0.2439519315958023,"y":0.4468119740486145,"z":-0.1412043273448944,"w":0.8499765992164612},"size":0.8660253882408142,"orthographic":false}